news,sentiment,sentiment_score,published_at,source,url
ended trading day weak note key index struggling remain -level,negative,-0.9979487061500549,2021-01-04T10:21:40.000000Z,thesundaily.my,https://www.thesundaily.my/home/glove-makers-drag-bursa-malaysia-lower-DL5926731
broadly higher early trade today yesterday selling pressured continued id weak market timent,negative,-0.9954185485839844,2021-01-05T01:58:21.000000Z,thesundaily.my,https://www.thesundaily.my/local/bursa-malaysia-lower-in-early-trade-NL5937917
bucked regional trend close higher today key index rebounding two-day losing streak thanks,positive,0.9896544218063354,2021-01-05T10:11:17.000000Z,thesundaily.my,https://www.thesundaily.my/home/bursa-malaysia-bucks-regional-trend-ci-ends-at-intraday-high-GN5942594
closed lower today id mixed regional peers performance cautious market timent weighed investors’ risk,negative,-0.9977453351020813,2021-01-06T10:54:21.000000Z,thesundaily.my,https://www.thesundaily.my/local/cautious-sentiment-banking-sell-off-drag-bursa-malaysia-lower-MM5961394
opened lower morning bucking regional trend market risk appetite curbed renewed concerns,negative,-0.9005976915359497,2021-01-07T01:48:06.000000Z,thesundaily.my,https://www.thesundaily.my/local/bursa-malaysia-bucks-regional-trend-in-early-trade-FE5978171
recouped earlier losses close higher today key index breaching - level investors,negative,-0.9908637404441833,2021-01-07T12:00:17.000000Z,thesundaily.my,https://www.thesundaily.my/local/fbm-klci-recovers-to-end-above-1600-level-updated-GF5986558
reversed losses morning close higher key index regaining momentum stay -,negative,-0.9747495651245117,2021-01-08T09:57:03.000000Z,thesundaily.my,https://www.thesundaily.my/local/fbm-klci-ends-at-day-s-high-of-163319-MC6004583
robust ringgit set leave positive trails equity markets id weaker dollar benchmark,positive,0.9941505789756775,2021-01-10T14:09:39.000000Z,thesundaily.my,https://www.thesundaily.my/business/robust-ringgit-set-to-leave-positive-trails-in-equity-markets-XD6036303
traded red day investors cautiously await government new measures response,negative,-0.9684984683990479,2021-01-11T10:14:42.000000Z,thesundaily.my,https://www.thesundaily.my/home/cautious-trade-for-bursa-malaysia-GK6048679
Calm returned panic selling receded Prime Minister Tan Sri Muhyiddin Yassin assured business activities,positive,0.9972559809684753,2021-01-12T10:18:09.000000Z,thesundaily.my,https://www.thesundaily.my/home/calm-returns-to-bursa-malaysia-ci-ends-above-1600-LM6068962
Investor interest continued gain momentum driving share market broadly higher day,positive,0.9988058805465698,2021-01-13T12:20:26.000000Z,thesundaily.my,https://www.thesundaily.my/home/bursa-malaysia-rallies-with-949-counters-up-on-1st-day-of-mco-20-BJ6092560
ended day flat id selling pressure mainly energy healthcare logistics sectors ,negative,-0.9995442032814026,2021-01-14T13:40:05.000000Z,thesundaily.my,https://www.thesundaily.my/local/bursa-malaysia-almost-flat-at-the-close-updated-DE6116656
ended trading day week negative territory timent took hit fresh US-China trade,negative,-0.9972097277641296,2021-01-15T10:40:09.000000Z,thesundaily.my,https://www.thesundaily.my/local/bursa-malaysia-ends-lower-as-risk-sentiment-wanes-updated-NY6133960
ended negative territory today despite announcement Prime Minister Tan Sri Muhyiddin Yassin,negative,-0.9989135265350342,2021-01-18T10:32:11.000000Z,thesundaily.my,https://www.thesundaily.my/home/bursa-malaysia-ends-lower-as-banks-weigh-ahead-of-opr-decision-FY6177799
ended intraday low today weighed technology consumer products healthcare stocks led Petronas,negative,-0.9923457503318787,2021-01-19T10:54:01.000000Z,thesundaily.my,https://www.thesundaily.my/home/fbm-klci-falls-764-points-to-end-at-intraday-low-LB6201638
gave earlier gains end day flat succumbing selling pressure selected heavyweights supported,negative,-0.9989379048347473,2021-01-20T10:37:18.000000Z,thesundaily.my,https://www.thesundaily.my/home/bursa-malaysia-almost-flat-at-close-YC6224706
ended negative territory today sell-off rubber glove counters Glove Supermax Hartalega,negative,-0.9991068243980408,2021-01-21T10:19:30.000000Z,thesundaily.my,https://www.thesundaily.my/local/bursa-malaysia-ends-lower-on-glove-counters-sell-off-LX6246841
slightly retreated week gained open mixed today inline mixed timent regional market,negative,-0.7871059775352478,2021-01-25T04:27:34.000000Z,thesundaily.my,https://www.thesundaily.my/local/bursa-malaysia-opens-mixed-CJ6308444
ended lower today profit-taking emerged selected consumer products financial services counters despite,negative,-0.9990394711494446,2021-01-25T10:45:01.000000Z,thesundaily.my,https://www.thesundaily.my/home/bursa-malaysia-closes-lower-EY6313530
Last-minute selling Healthcare counters pulled slightly earlier gains close mixed today id weaker,negative,-0.9909001588821411,2021-01-26T10:11:58.000000Z,thesundaily.my,https://www.thesundaily.my/home/bursa-malaysia-closes-mixed-DA6332234
Persistent buying selected technology consumer products services counters managed,negative,-0.9781358242034912,2021-01-27T10:16:50.000000Z,thesundaily.my,https://www.thesundaily.my/home/fbm-klci-pares-early-gains-but-ends-modestly-higher-YC6352212
manic ride GeStop Corp sparked American ateur traders Reddit inspired ns form similar group targeting shares glove makers — Asia hottest pandemic trades,negative,-0.9114837050437927,2021-01-30T07:32:00.000000Z,bangkokpost.com,https://www.bangkokpost.com/business/2059719/malaysian-day-traders-hype-up-glove-makers
Shares mixed close Tuesday profit-taking activities small cap financial services stocks,negative,-0.9815592765808105,2021-02-02T11:45:35.000000Z,thesundaily.my,https://www.thesundaily.my/home/kl-shares-mixed-at-close-on-profit-taking-AF6465615
Shares continued uptrend close boosted persistent buying energy technology-linked,positive,0.7287137508392334,2021-02-03T10:24:01.000000Z,thesundaily.my,https://www.thesundaily.my/home/bursa-ends-on-a-firm-note-boosted-by-energy-tech-stocks-DL6490511
Last-minute buying mainly small-cap stocks selected heavyweights helped push end today session,negative,-0.9892755150794983,2021-02-04T10:22:43.000000Z,thesundaily.my,https://www.thesundaily.my/home/late-buying-pushes-bursa-malaysia-to-end-marginally-higher-JD6522487
Shares ended day mixed going better regional market performance echoed rally,negative,-0.9894456267356873,2021-02-05T10:40:24.000000Z,thesundaily.my,https://www.thesundaily.my/home/shares-on-bursa-malaysia-end-mixed-amid-higher-regional-performance-BA6543366
Kuala Lumpur stock market gave early gains close marginally lower today key index remained psychological,negative,-0.9658263921737671,2021-02-16T10:12:55.000000Z,thesundaily.my,https://www.thesundaily.my/home/bursa-malaysia-ends-marginally-lower-bucks-regional-trend-NY6742348
Kuala Lumpur stock market gave early gains close lower today dipping - threshold,negative,-0.9962524771690369,2021-02-17T10:06:40.000000Z,thesundaily.my,https://www.thesundaily.my/home/bursa-malaysia-ends-lower-in-sync-with-most-regional-peers-XY6760462
Kuala Lumpur stock market gave early gains close lower today mirroring fall regional bourses dealers said benchmark dipped Wednesday close,negative,-0.9987701773643494,2021-02-18T09:36:24.000000Z,theedgemarkets.com,https://www.theedgemarkets.com/article/klci-closes-1945-points-lower-157584
Kuala Lumpur stock market gave early gains close lower today mirroring fall regional bourses,negative,-0.996009111404419,2021-02-18T10:08:41.000000Z,thesundaily.my,https://www.thesundaily.my/home/bursa-malaysia-ends-lower-mirroring-fall-in-most-regional-markets-CM6781589
ended trading day intra-day low profit-taking investors took Covid- vaccine news,negative,-0.9974169731140137,2021-02-22T10:39:45.000000Z,thesundaily.my,https://www.thesundaily.my/home/profit-taking-drags-bursa-to-close-at-intra-day-low-JK6851496
closed intraday low consecutive day today selling glove heavyweights intensified,positive,0.6796042323112488,2021-02-24T10:36:14.000000Z,thesundaily.my,https://www.thesundaily.my/home/bursa-ends-lower-as-vaccination-programme-intensifies-selling-in-glove-counters-IA6893183
key index breached resistance level close investors regained confidence following official,negative,-0.9696158170700073,2021-02-25T12:41:23.000000Z,thesundaily.my,https://www.thesundaily.my/home/klci-breaches-1580-point-level-at-close-as-investors-regain-confidence-YL6915760
key index ended week intraday high id cautious timent broader market lifted selected heavyweights,positive,0.5985313057899475,2021-03-05T09:54:33.000000Z,thesundaily.my,https://www.thesundaily.my/local/fbm-klci-ends-at-intraday-high-CA7075141
futures contract likely upside bias week tracking expected,negative,-0.9935322999954224,2021-03-06T02:44:20.000000Z,thesundaily.my,https://www.thesundaily.my/business/klci-futures-to-retest-1600-level-next-week-GX7088899
decline n glove stocks followed significant jump year Covid- pandemic boosted demand medical gloves,negative,-0.9551517963409424,2021-03-09T06:51:00.000000Z,cnbc.com,https://www.cnbc.com/2021/03/09/investing-analyst-on-outlook-for-top-glove-malaysian-glove-stocks.html
wrapped today trading higher note gains blue chips mainly energy utilities banking consumer,positive,0.9983377456665039,2021-03-15T11:15:05.000000Z,thesundaily.my,https://www.thesundaily.my/local/bursa-malaysia-ends-higher-GF7250181
barometer index managed recoup earlier losses close marginally lower spurred last-minute recovery,negative,-0.8920571208000183,2021-03-19T10:28:13.000000Z,thesundaily.my,https://www.thesundaily.my/business/bursa-malaysia-recoups-earlier-losses-to-end-marginally-lower-BB7333982
ended negative territory today id mixed performance regional markets concerns loom weakness,negative,-0.9989926218986511,2021-03-22T10:10:22.000000Z,thesundaily.my,https://www.thesundaily.my/home/bursa-malaysia-ends-at-intraday-low-ci-down-058-pct-YN7384771
key index finished intra-day low today second consecutive day losing broader,negative,-0.999743640422821,2021-03-23T10:20:53.000000Z,thesundaily.my,https://www.thesundaily.my/home/bursa-malaysia-ends-at-intraday-low-ci-down-132-pct-on-sanctions-against-china-XB7407891
ended lower Thursday id mixed performance regional bourses market timent partly dpened slump,negative,-0.999186098575592,2021-03-25T11:01:22.000000Z,thesundaily.my,https://www.thesundaily.my/business/bursa-malaysia-ends-lower-as-oil-prices-dent-sentiment-HC7455845
closed higher Friday market gradually regained momentum signs global economic recovery,positive,0.9960334897041321,2021-03-26T11:07:41.000000Z,thesundaily.my,https://www.thesundaily.my/business/bursa-malaysia-ends-higher-on-optimism-over-global-economic-recovery-BE7464267
Market participants watchful global economic recovery develoents pertaining grounded Pana-flagged container ship ‘Ever Given’ week resulting cautious timent said economist,positive,0.878197431564331,2021-03-27T02:50:12.000000Z,theedgemarkets.com,https://www.theedgemarkets.com/article/bursa-malaysia-trade-cautiously-next-week-eyes-grounded-ever-given
Market participants watchful eye global economic recovery develoents pertaining grounded Pana-flagged,positive,0.9982605576515198,2021-03-29T01:30:00.000000Z,thesundaily.my,https://www.thesundaily.my/business/bursa-malaysia-to-trade-cautiously-this-week-KD7467628
ended broadly lower key index finishing easier weighed selling selected heavyweights,negative,-0.9976209998130798,2021-03-30T09:54:21.000000Z,thesundaily.my,https://www.thesundaily.my/home/bursa-malaysia-ends-broadly-lower-ci-down-209-points-XF7474462
ended sharply lower today key index declining weighed mainly glove stocks weak,negative,-0.9995396137237549,2021-03-31T09:49:43.000000Z,thesundaily.my,https://www.thesundaily.my/home/bursa-malaysia-ends-sharply-lower-ci-down-222-pct-YC7477247
opened easier rebounded today tracking better performance week positive,positive,0.9979426264762878,2021-04-05T01:53:43.000000Z,thesundaily.my,https://www.thesundaily.my/business/bursa-malaysia-opens-easier-but-rebounds-thereafter-KJ7487873
bucked regional market trend end lower today weighed profit-taking selected heavyweights led,negative,-0.9782348275184631,2021-04-05T10:11:27.000000Z,thesundaily.my,https://www.thesundaily.my/home/bursa-malaysia-bucks-regional-trend-to-end-lower-DD7489511
opened higher today tracking better overnight performance investor timent buoyed,positive,0.9031762480735779,2021-04-06T01:49:42.000000Z,thesundaily.my,https://www.thesundaily.my/business/bursa-malaysia-opens-higher-tracking-optimism-on-wall-street-IL7490648
ended firm note today days losses bargain hunting heavyweights despite weaker performance,negative,-0.9160872101783752,2021-04-07T10:23:52.000000Z,thesundaily.my,https://www.thesundaily.my/business/bursa-malaysia-ends-on-firm-note-ci-up-2168-points-IG7495802
opened easier rebounded today attempting extend yesterday gains despite flat overnight performance stock markets staged modest recovery Federal Reserve signals changes current bond-buying progrme benchmark gained Wednesday close index opened of-a- easier,negative,-0.6019465923309326,2021-04-08T01:45:00.000000Z,theedgemarkets.com,https://www.theedgemarkets.com/article/bursa-malaysia-opens-easier-rebounds-thereafter
ended slightly higher today second day running persistent buying support heavyweights led healthcare,positive,0.8331471681594849,2021-04-08T10:36:50.000000Z,thesundaily.my,https://www.thesundaily.my/business/bursa-malaysia-extends-gains-to-end-marginally-higher-ID7500974
opened easier morning cautious market timent selling seen heavyweights led Axiata Digi,positive,0.6617894768714905,2021-04-12T02:01:00.000000Z,theedgemarkets.com,https://www.theedgemarkets.com/article/bursa-malaysia-opens-easier
opened easier morning key index remained weak territory weak risk appetite market benchmark decreased Monday close,negative,-0.997400164604187,2021-04-13T01:32:01.000000Z,theedgemarkets.com,https://www.theedgemarkets.com/article/bursa-malaysia-easier-early-trade
Welltec won long-term intervention contract Petronas,negative,-0.9390604496002197,2021-04-14T08:30:20.000000Z,rigzone.com,https://www.rigzone.com/news/petronas_awards_well_intervention_contract-14-apr-2021-165152-article/?rss=true
Persistent buying momentum index-linked counters led Press Metal Aluminium rubber glove stocks helped key index end morning session higher despite weaker broader market,positive,0.9897067546844482,2021-04-15T05:20:51.000000Z,theedgemarkets.com,https://www.theedgemarkets.com/article/klci-settles-302-points-160130-1230pm
closed marginally higher today key index rebounding last-minute buying tandem recovery,negative,-0.6330338716506958,2021-04-16T11:16:05.000000Z,thesundaily.my,https://www.thesundaily.my/home/bursa-malaysia-rebounds-to-end-marginally-higher-on-late-buying-MJ7759680
expected continue current momentum week key index tight range id cautious market timent,negative,-0.9669090509414673,2021-04-17T02:15:28.000000Z,theedgemarkets.com,https://www.theedgemarkets.com/article/klci-expected-move-tight-range-next-week
closed lower today daily new Covid- cases country remained high id profit-taking bourse,negative,-0.979708731174469,2021-04-19T10:38:02.000000Z,thesundaily.my,https://www.thesundaily.my/home/bursa-ends-lower-on-profit-taking-concerns-over-high-covid-19-cases-LG7769841
barometer index finished higher Tuesday investors bargain hunt attractive counters following market,negative,-0.7978488802909851,2021-04-20T10:13:38.000000Z,thesundaily.my,https://www.thesundaily.my/home/bursa-malaysia-ends-at-intraday-high-on-bargain-hunting-GC7774329
ended week modestly higher driven steady gains heavyweights led rubber glove industrial products,positive,0.9984545707702637,2021-04-23T10:07:19.000000Z,thesundaily.my,https://www.thesundaily.my/home/bursa-malaysia-ends-modestly-higher-driven-by-glove-stocks-NI7785960
Persistent buying support selected consumer products healthcare counters pushed end day high,negative,-0.9889904260635376,2021-04-26T09:59:52.000000Z,thesundaily.my,https://www.thesundaily.my/home/bursa-malaysia-closes-15-points-higher-NL7793285
Persistent selling selected consumer products services healthcare counters dragged end lower today,negative,-0.9987240433692932,2021-04-27T10:12:15.000000Z,thesundaily.my,https://www.thesundaily.my/home/bursa-malaysia-ends-lower-on-selling-in-consumer-healthcare-counters-GF7799549
net profit soared quarter ended March reported,positive,0.8467741012573242,2021-04-27T16:07:18.000000Z,thesundaily.my,https://www.thesundaily.my/business/bursa-s-net-profit-up-88-in-q1-on-trading-activity-surge-AF7799130
extended yesterday's losses open lower today driven continued profit-taking selected heavyweights healthcare counters id cautious timent regional markets dealers said,negative,-0.9867491126060486,2021-04-28T01:40:15.000000Z,theedgemarkets.com,https://www.theedgemarkets.com/article/klci-down-02-point-16065
Late buying selected plantation consumer products services counters managed lift earlier,negative,-0.99396812915802,2021-04-28T10:05:41.000000Z,thesundaily.my,https://www.thesundaily.my/business/late-buying-pushes-bursa-malaysia-to-end-mixed-ci-up-marginally-MI7802608
opened higher retreated earlier gains snapped mild profit-taking plantation technology counters id mixed performance regional markets dealers said slipped compared Wednesday's close market bellwether opened higher,negative,-0.9913456439971924,2021-04-30T01:54:50.000000Z,theedgemarkets.com,https://www.theedgemarkets.com/article/bursa-malaysia-opens-higher-retreats-thereafter-0
Persistence selling selected industrial products services plantation counters pushed end,negative,-0.9810671806335449,2021-04-30T10:08:52.000000Z,thesundaily.my,https://www.thesundaily.my/home/bursa-closes-lower-on-selling-in-industrial-products-plantation-counters-AN7807938
expected continue cautious trading week investors remain sidelines ahead Bank Negara policy meeting Thursday,positive,0.9002152681350708,2021-05-01T02:33:22.000000Z,theedgemarkets.com,https://www.theedgemarkets.com/article/cautious-trading-expected-bursa-next-week
ended day weaker persistent profit-taking seen heavyweight counters led Glove IHH,negative,-0.9944131970405579,2021-05-03T10:25:08.000000Z,thesundaily.my,https://www.thesundaily.my/home/bursa-malaysia-ends-weaker-GN7816448
reversed gains settled lower today id mixed broader market benchmark (,negative,-0.9944309592247009,2021-05-04T11:09:23.000000Z,thesundaily.my,https://www.thesundaily.my/business/bursa-malaysia-settles-lower-mixed-performance-in-broader-market-NX7819971
contracted close today weighed selling pressure heavyweight counters Bursa,negative,-0.9792821407318115,2021-05-05T10:37:03.000000Z,thesundaily.my,https://www.thesundaily.my/business/bursa-malaysia-ends-lower-on-selling-pressure-XM7824022
finished intra-day high today benchmark composite index rising investors’ optimism uplifted,positive,0.9972773194313049,2021-05-06T10:12:57.000000Z,thesundaily.my,https://www.thesundaily.my/home/bursa-malaysia-rebounds-to-end-at-day-s-high-klci-up-017-pct-MJ7830691
Continuous buying support selected healthcare industrial products services counters pushed end week,positive,0.954208493232727,2021-05-07T10:25:51.000000Z,thesundaily.my,https://www.thesundaily.my/business/bursa-malaysia-settles-the-week-on-positive-note-IL7841794
retreated gains close easier note Monday dpened weak market timent ,negative,-0.9963403940200806,2021-05-10T11:00:44.000000Z,thesundaily.my,https://www.thesundaily.my/home/bursa-malaysia-retreats-on-weak-sentiment-DD7849216
closed lower second consecutive day today selling spotted board nationwide expansion,negative,-0.8444616198539734,2021-05-11T10:14:13.000000Z,thesundaily.my,https://www.thesundaily.my/home/bursa-malaysia-ends-lower-as-nationwide-mco-weighs-on-market-FH7854421
gave early gains end broadly lower key index putting market,negative,-0.973730206489563,2021-05-17T10:27:31.000000Z,thesundaily.my,https://www.thesundaily.my/home/bursa-malaysia-ends-broadly-lower-1061-stocks-fall-but-ci-up-006-pct-GF7869910
FBM rose close day high following late bargain hunting selected heavyweight counters line regional uptrend benchmark index ended higher,positive,0.8328618407249451,2021-05-18T09:20:24.000000Z,theedgemarkets.com,https://www.theedgemarkets.com/article/klci-closes-786-points-higher-159132
gathered steafternoon session key index ending intraday high bargain hunting selected,negative,-0.8953428864479065,2021-05-18T10:00:35.000000Z,thesundaily.my,https://www.thesundaily.my/home/bursa-malaysia-ends-at-intraday-high-on-bargain-hunting-AK7873389
remained lower midday today lack positive catalysts fuel market benchmark shed Tuesday close,negative,-0.9990655779838562,2021-05-19T05:19:45.000000Z,theedgemarkets.com,https://www.theedgemarkets.com/article/klci-settles-down-1411-points-157721-1230pm
ended trading today broadly lower last-minute selloff id rise daily Covid- infections today,negative,-0.9977204203605652,2021-05-20T11:17:25.000000Z,thesundaily.my,https://www.thesundaily.my/business/bursa-malaysia-ends-broadly-lower-as-sentiment-hit-by-rising-covid-19-cases-JX7880469
ended morning session positive territory investors revisited local equity market lockdown fears ease benchmark climbed Friday's close,positive,0.9924121499061584,2021-05-24T04:55:14.000000Z,theedgemarkets.com,https://www.theedgemarkets.com/article/bursa-malaysia-ends-morning-session-higher-1124-points
FBM staged relief rally today breaking three-day losing streak benchmark index climbed close investors look oversold counters following sell-down,negative,-0.9583161473274231,2021-05-24T09:09:57.000000Z,theedgemarkets.com,https://www.theedgemarkets.com/article/fbm-klci-closes-965-points-157182
staged relief rally key index closing -mark Monday traders heaved sigh relief,negative,-0.9957342743873596,2021-05-24T11:35:43.000000Z,thesundaily.my,https://www.thesundaily.my/home/bursa-malaysia-stages-relief-rally-on-no-total-lockdown-nationwide-GX7891329
settled intra-day high trading range-bound day investors collected oversold stocks,negative,-0.9856849908828735,2021-05-25T11:48:01.000000Z,thesundaily.my,https://www.thesundaily.my/home/fbm-klci-settles-at-intra-day-high-of-157782-after-range-bound-trading-YH7898098
opened higher Thursday taking cue overnight gains market timents stabilised global context idst easing concerns United States Federal Reserve rate prospects,positive,0.9798393845558167,2021-05-27T01:57:01.000000Z,theedgemarkets.com,https://www.theedgemarkets.com/article/fbmklci%c2%a0opens-154-points-157936
managed eke small gain idst mixed timents midday buying support seen selected blue chips spate steady corporate earnings reports released rely,negative,-0.8526607155799866,2021-05-27T04:58:55.000000Z,theedgemarkets.com,https://www.theedgemarkets.com/article/bursa-ekes-out-small-gain-amid-mixed-sentiments-midday
recouped lost ground midday remained negative territory investors continued profits selected index-linked stocks,negative,-0.9975243210792542,2021-05-28T04:52:05.000000Z,theedgemarkets.com,https://www.theedgemarkets.com/article/bursa-recoups-some-lost-ground-stays-lower-midday
key index expected hover week timent continued clouded surging COVID- cases country,negative,-0.9850741624832153,2021-05-29T02:26:15.000000Z,theedgemarkets.com,https://www.theedgemarkets.com/article/klci-likely-move-15801600-range-next-week-recoverythemed-stocks-stage-comeback
key index expected hover week timent continued clouded,negative,-0.9973970651626587,2021-05-29T02:46:58.000000Z,thesundaily.my,https://www.thesundaily.my/business/fbm-klci-likely-to-move-in-1580-1600-range-next-week-HG7910180
opened week red board cautious market timent ahead total lockdown nationwide implemented beginning tomorrow higher COVID- cases,negative,-0.6125300526618958,2021-05-31T01:30:36.000000Z,theedgemarkets.com,https://www.theedgemarkets.com/article/bursa-malaysia-opens-lower-across-board-ahead-total-lockdown
n stocks tumbled ringgit weakened government imposed two-week nationwide lockdown curb relentless surge Covid- infections Index slumped Monday March ringgit dropped,negative,-0.9995083808898926,2021-05-31T01:42:10.000000Z,bloombergquint.com,https://www.bloombergquint.com/markets/stocks-ringgit-slide-in-malaysia-after-nationwide-lockdown
struggling control surge Covid- infections week reported five-consecutive days record increases cases,negative,-0.8999822735786438,2021-05-31T01:53:59.000000Z,cnbc.com,https://www.cnbc.com/2021/05/31/malaysia-covid-stocks-trade-lower-as-country-for-total-lockdown.html
bucked trend major regional markets close lower Monday continued selling selected heavyweights,negative,-0.805595874786377,2021-05-31T11:21:32.000000Z,thesundaily.my,https://www.thesundaily.my/home/bursa-bucks-regional-trend-to-end-lower-as-investors-brace-for-full-lockdown-HX7918584
opened slightly higher market timent lifted PEMERKASA+ stimulus package unveiled yesterday assist businesses people nation entered lockdown today,positive,0.9757864475250244,2021-06-01T01:45:00.000000Z,theedgemarkets.com,https://www.theedgemarkets.com/article/pemerkasa-stimulus-package-lifts-bursa-malaysia-higher-opening
recovered close higher today benchmark index rebounding positive territory thanks gains,positive,0.9992438554763794,2021-06-01T10:40:39.000000Z,thesundaily.my,https://www.thesundaily.my/business/bursa-malaysia-ends-higher-on-first-day-of-full-lockdown-DG7923151
Shares higher opening Wednesday finance healthcare stocks contributor thanks stimulus package government helped boost investors’ timent,positive,0.996371865272522,2021-06-02T01:22:48.000000Z,theedgemarkets.com,https://www.theedgemarkets.com/article/klci-higher-opening-positive-market-sentiment
extended yesterday modest gains end higher Wednesday influenced bullish external factors crude oil,negative,-0.9943898320198059,2021-06-02T12:13:33.000000Z,thesundaily.my,https://www.thesundaily.my/home/bursa-malaysia-extends-gains-with-key-index-hitting-close-to-1598-pts-XK7927202
continued upward momentum opening today market timent aided steady crude palm oil rose Wednesday's close index opened higher,positive,0.9856079816818237,2021-06-03T01:30:37.000000Z,theedgemarkets.com,https://www.theedgemarkets.com/article/bursa-malaysia-opens-higher-steady-cpo-brent-oil-prices
Shares Choo Bee Metal Industries soared all-time high morning rising rally iron ore price bolstered investors' expectations company margins remain elevated support earnings,positive,0.9983060359954834,2021-06-03T05:47:15.000000Z,theedgemarkets.com,https://www.theedgemarkets.com/article/choo-bee-metal-soars-along-peers-iron-ore-rush
FBM ce today days gains lack buying support id continued high number Covid- infections ongoing lockdown benchmark index opened remained psychological level close lower,negative,-0.9970270991325378,2021-06-03T09:23:29.000000Z,theedgemarkets.com,https://www.theedgemarkets.com/article/klci-closes-down-737-points-159057
failed maintain upbeat momentum consecutive days end lower Thursday prompted,negative,-0.999751627445221,2021-06-03T10:45:24.000000Z,thesundaily.my,https://www.thesundaily.my/home/bursa-malaysia-ends-lower-FI7930214
predicted analysts Mr DIY Group included benchmark FBM index Supermax Corp excluded following semi-annual review index constituents,negative,-0.9928890466690063,2021-06-03T11:07:20.000000Z,theedgemarkets.com,https://www.theedgemarkets.com/article/mr-diy-be-included-fbm-klci-constituent-following-june-2021-review
opened easier Friday tracking overnight losses equities investors chewing global economic recovery local bourse trend line regional peers Hong Kong's Hang Seng slipped Japan's Nikkei China's SSE index shed benchmark fell Thursday's close,negative,-0.9986332058906555,2021-06-04T02:03:00.000000Z,theedgemarkets.com,https://www.theedgemarkets.com/article/bursa-malaysia-lower-opening-tracking-overnight-losses-us-equities
opened marginally higher today mild bargain-hunting emerged interspersed profit-taking activities benchmark rose of-a- Friday's close,negative,-0.9802833199501038,2021-06-08T01:19:11.000000Z,theedgemarkets.com,https://www.theedgemarkets.com/article/bursa-malaysia-opens-marginally-higher
extended earlier gains finish higher Tuesday supported persistent buying selected blue-chip counters,positive,0.8048559427261353,2021-06-08T10:47:40.000000Z,thesundaily.my,https://www.thesundaily.my/business/bursa-malaysia-ends-higher-HM7943678
continued upward momentum opening today extending yesterday's gains buying interest seen selected heavyweights counters industrial products services healthcare,positive,0.9990243911743164,2021-06-09T01:56:00.000000Z,theedgemarkets.com,https://www.theedgemarkets.com/article/bursa-malaysia-opens-higher-0
gave modest gains early trade end intraday low today weighed profit-taking selected heavyweights,negative,-0.9368886947631836,2021-06-09T10:59:22.000000Z,thesundaily.my,https://www.thesundaily.my/home/bursa-malaysia-ends-at-intraday-low-CI7947554
opened higher Thursday rebounding yesterday downtrend following government announcement vaccinations workers critical economic sectors phase National Covid- Immunisation Progrme,negative,-0.7815597057342529,2021-06-10T01:41:02.000000Z,theedgemarkets.com,https://www.theedgemarkets.com/article/bursa-malaysia-opens-higher-1
reversed earlier gains close intraday low second straight day Thursday weighed profit-taking,negative,-0.9777711629867554,2021-06-10T10:46:27.000000Z,thesundaily.my,https://www.thesundaily.my/home/fbm-klci-pares-gains-to-end-at-intraday-low-broader-market-mixed-FG7954272
recovered yesterday losses trade higher opening taking cue overnight stocks strong performance benchmark rose Thursday close index opened better Market breadth positive gainers leading losers counters unchanged untraded suspended Turnover fell units worth,negative,-0.9800357222557068,2021-06-11T01:33:09.000000Z,theedgemarkets.com,https://www.theedgemarkets.com/article/bursa-malaysia-rebounds-open-higher
FBM continued post decline today benchmark index falling close Rakuten Trade head equity sales Vin Lau noted line regional markets,negative,-0.9918179512023926,2021-06-11T09:45:00.000000Z,theedgemarkets.com,https://www.theedgemarkets.com/article/klci-closes-down-474-points-157516
closed mixed today persistent buying support telecommunication media healthcare counters limiting losses,negative,-0.9909370541572571,2021-06-15T11:00:34.000000Z,thesundaily.my,https://www.thesundaily.my/home/bursa-malaysia-closes-mixed-BN7971201
ended morning trading session mixed emerging mild profit-taking selected plantation healthcare counters capped gains benchmark index dealers said,negative,-0.9925179481506348,2021-06-16T04:55:46.000000Z,theedgemarkets.com,https://www.theedgemarkets.com/article/bursa-malaysia-settles-mixed-midday
closed lower today profit-taking emerged industrial products services healthcare counters,negative,-0.9960452914237976,2021-06-16T09:48:22.000000Z,thesundaily.my,https://www.thesundaily.my/home/bursa-malaysia-ends-lower-on-profit-taking-DI7974306
closed lower today profit-taking emerged consumer products services financial services counters,negative,-0.9964979887008667,2021-06-17T10:06:40.000000Z,thesundaily.my,https://www.thesundaily.my/home/bursa-malaysia-closes-lower-on-continued-profit-taking-NF7979690
ended morning trading session higher today supported emerging buying activities selected consumer products services counters despite weaker timent regional market dealers said,positive,0.9785157442092896,2021-06-18T04:55:41.000000Z,theedgemarkets.com,https://www.theedgemarkets.com/article/bursa-malaysia-ends-morning-session-higher
cautious market timent resulted closing lower today tandem regional peers key index,negative,-0.9973903298377991,2021-06-21T09:50:03.000000Z,thesundaily.my,https://www.thesundaily.my/home/weak-market-sentiment-drags-bursa-malaysia-lower-BG7989928
ended morning session higher key index remaining positive territory continuous support heavyweights midday rose Monday close,positive,0.7894614338874817,2021-06-22T05:26:07.000000Z,theedgemarkets.com,https://www.theedgemarkets.com/article/bursa-malaysia-ends-morning-session-higher-0
theedgemarketscom highlighted stocks momentum afternoon break today displayed negative momentum,negative,-0.994667649269104,2021-06-22T05:56:04.000000Z,theedgemarkets.com,https://www.theedgemarkets.com/article/karyon-kim-hin-joo-olympia-seal-inc-globaltec-golden-pharos-slp-mercury
closed higher Tuesday tandem recovery global equities improved market timent,positive,0.7838501930236816,2021-06-22T10:20:33.000000Z,thesundaily.my,https://www.thesundaily.my/home/bursa-malaysia-higher-in-line-with-global-equities-recovery-XB7993707
bucked trend regional markets close broadly lower today selling spotted mainly heavyweights led,negative,-0.9953675270080566,2021-06-23T11:26:15.000000Z,thesundaily.my,https://www.thesundaily.my/home/rubber-glove-counters-drag-bursa-malaysia-lower-XG7998145
closed lower today despite uptrend regional peers World Bank revise nation growth,negative,-0.9972376823425293,2021-06-24T10:39:03.000000Z,thesundaily.my,https://www.thesundaily.my/home/bursa-ends-lower-as-world-bank-s-gdp-revision-affects-sentiment-LY8001368
key index ended morning trading session slightly higher gains capped losses financial consumer products services counters,negative,-0.9446078538894653,2021-06-29T04:47:39.000000Z,theedgemarkets.com,https://www.theedgemarkets.com/article/bursa-malaysia-slightly-higher-lunch-break
Gains Hartalega Glove supported end positive territory benchmark,negative,-0.591427206993103,2021-06-29T10:05:21.000000Z,thesundaily.my,https://www.thesundaily.my/home/glove-stocks-push-bursa-malaysia-higher-EF8016134
trading day half saw end sharply lower investors continued assess economic,negative,-0.9984719157218933,2021-06-30T10:22:48.000000Z,thesundaily.my,https://www.thesundaily.my/home/bursa-malaysia-revisits-8-month-low-amid-covid-19-worries-AG8019453
barometer index pared gains closing glove counters turned lower profit-taking benchmark,negative,-0.9970136880874634,2021-07-01T10:42:47.000000Z,thesundaily.my,https://www.thesundaily.my/home/bursa-malaysia-pares-gains-at-closing-EY8023457
lower midday weaker timent following yesterday announcement Enhanced Movement Control Order parts Selangor localities Kuala Lumpur,negative,-0.9805590510368347,2021-07-02T05:18:28.000000Z,theedgemarkets.com,https://www.theedgemarkets.com/article/bursa-malaysia-lower-midday
remained lower midday lack catalysts benchmark fell Friday close,negative,-0.9994738698005676,2021-07-05T04:49:37.000000Z,theedgemarkets.com,https://www.theedgemarkets.com/article/bursa-malaysia-settles-lower-midday
ended mixed key index red zone id cautious timent Covid- cases remained Monday,negative,-0.9922201037406921,2021-07-05T09:57:30.000000Z,thesundaily.my,https://www.thesundaily.my/home/bursa-malaysia-ends-mixed-AX8033741
ended mixed key index red zone persistent selling activities selected heavyweights led,negative,-0.9980621933937073,2021-07-06T10:43:27.000000Z,thesundaily.my,https://www.thesundaily.my/home/bursa-malaysia-ends-mixed-ci-eases-005-pct-ED8036879
Based corporate announcements news flow today stocks focus tomorrow include Glove Corp Kossan Rubber Industries Hartalega CB Industrial Product TSH Resources Serba Dinik Hubline AEON Credit Service,positive,0.9674358367919922,2021-07-06T15:05:27.000000Z,theedgemarkets.com,https://www.theedgemarkets.com/article/top-glove-kossan-hartalega-cb-industrial-product-tsh-serba-dinamik-hubline-and-aeon-credit
opened lower today line weaker performance overnight idst concerns impending United States Federal Reserve tapering,negative,-0.9930431842803955,2021-07-07T01:57:34.000000Z,theedgemarkets.com,https://www.theedgemarkets.com/article/fbmklci-opens-138-points-lower-153025
remained downtrend midday idst sustained selling momentum broader market benchmark fell Tuesday close,negative,-0.9973087310791016,2021-07-07T04:54:28.000000Z,theedgemarkets.com,https://www.theedgemarkets.com/article/bursa-malaysia-settles-lower-midday-0
ended lower id cautious timent high COVID- infection level new cases reported today,negative,-0.998946487903595,2021-07-07T10:50:57.000000Z,thesundaily.my,https://www.thesundaily.my/home/bursa-malaysia-ends-lower-ci-eases-01-pct-FC8040869
opened broadly lower morning lack positive catalysts benchmark declined Wednesday close,negative,-0.9986936450004578,2021-07-08T01:51:33.000000Z,theedgemarkets.com,https://www.theedgemarkets.com/article/klci-opens-down-42-points-15259
extended losses midday id broad selling activities lack positive catalysts benchmark sank Wednesday close,negative,-0.9995028972625732,2021-07-08T05:06:56.000000Z,theedgemarkets.com,https://www.theedgemarkets.com/article/bursa-malaysia-settles-lower-midday-1
ended sharply lower today id cautious timent high daily Covid- infection level breached,negative,-0.9995414018630981,2021-07-08T10:42:50.000000Z,thesundaily.my,https://www.thesundaily.my/home/bursa-malaysia-ends-sharply-lower-ci-eases-14-pct-CX8044598
slightly higher early morning trade bargain-hunting activities supported benchmark index stay -level benchmark rose Thursday close,positive,0.6660698056221008,2021-07-09T01:51:11.000000Z,theedgemarkets.com,https://www.theedgemarkets.com/article/klci-opens-down-03-point-15084
ended week broadly higher snapping five-consecutive session losses bargain-hunting activities ,positive,0.934830904006958,2021-07-09T10:41:12.000000Z,thesundaily.my,https://www.thesundaily.my/business/bursa-malaysia-ends-broadly-higher-ci-up-079-pct-XB8047563
opened week higher note extending bargain-hunting activities Friday benchmark rose Friday close,positive,0.9948300719261169,2021-07-12T01:44:26.000000Z,theedgemarkets.com,https://www.theedgemarkets.com/article/klci-opens-17-points-15222
remained downtrend midday subdued buying interest lack fresh market catalysts benchmark fell Friday close,negative,-0.9995019435882568,2021-07-12T05:14:36.000000Z,theedgemarkets.com,https://www.theedgemarkets.com/article/bursa-malaysia-red-territory-midday
closed lower today investors’ appetite local equity market remained muted id challenging economic,negative,-0.9978588223457336,2021-07-12T10:07:24.000000Z,thesundaily.my,https://www.thesundaily.my/home/bursa-malaysia-closes-lower-as-investors-appetite-remains-muted-NY8054429
opened higher buoyed mild buying interest indices following weak performance yesterday benchmark rose Monday close,negative,-0.9179033041000366,2021-07-13T01:55:19.000000Z,theedgemarkets.com,https://www.theedgemarkets.com/article/klci-opens-09-point-15138
closed higher today persistent buying support led technology stocks line better performance,negative,-0.9836626052856445,2021-07-13T10:30:30.000000Z,thesundaily.my,https://www.thesundaily.my/home/bursa-malaysia-ends-higher-on-persistent-buying-upbeat-chinese-data-EL8058107
opened higher today extending yesterday's bargain-hunting activities selected sectors broader market benchmark better compared Tuesday close,positive,0.9907160997390747,2021-07-14T01:39:20.000000Z,theedgemarkets.com,https://www.theedgemarkets.com/article/klci-opens-12-points-15208
continued stay negative midday overall timent remained weak benchmark lower compared Tuesday close,negative,-0.9994032382965088,2021-07-14T05:11:45.000000Z,theedgemarkets.com,https://www.theedgemarkets.com/article/bursa-malaysia-remains-negative-midday-weak-sentiment
ended lower note today indices staying negative zone overall market timent remained,negative,-0.9968420267105103,2021-07-14T11:30:59.000000Z,thesundaily.my,https://www.thesundaily.my/home/bursa-malaysia-ends-lower-on-weak-sentiment-XC8062981
key index opened marginally higher today idst concerns pace country economic recovery daily new Covid- cases digits consecutive days,negative,-0.6376810669898987,2021-07-15T01:43:17.000000Z,theedgemarkets.com,https://www.theedgemarkets.com/article/klci-opens-03-point-15126
maintained upward trend midday today improved timents recorded highest Covid- vaccination rate Wednesday,positive,0.9338849186897278,2021-07-15T04:48:41.000000Z,theedgemarkets.com,https://www.theedgemarkets.com/article/bursa-malaysia-remains-upward-trend-midday
closed higher today bargain hunting continued today trading session sectors,positive,0.8053116202354431,2021-07-15T10:42:52.000000Z,thesundaily.my,https://www.thesundaily.my/home/bursa-malaysia-closes-higher-on-bargain-hunting-led-by-healthcare-sector-LN8069379
opened higher retreated shortly prompted profit-taking indices board benchmark shed Thursday close,negative,-0.99241042137146,2021-07-16T01:46:09.000000Z,theedgemarkets.com,https://www.theedgemarkets.com/article/klci-opens-31-points-15239
ended week marginally higher bargain hunting re-emerged sectors timent improved slightly driven,negative,-0.577340841293335,2021-07-16T10:27:08.000000Z,thesundaily.my,https://www.thesundaily.my/business/bursa-malaysia-ends-marginally-higher-on-bargain-hunting-YX8077717
key index ended lower today tandem regional markets id elevated inflationary pressure resurgence,negative,-0.9956661462783813,2021-07-19T10:58:16.000000Z,thesundaily.my,https://www.thesundaily.my/home/fbm-klci-ends-016-pct-lower-BH8090146
ended marginally higher midday market moved sideways buying interest rubber glove stocks continuing support market benchmark edged better Monday close,negative,-0.9762887954711914,2021-07-21T05:19:17.000000Z,theedgemarkets.com,https://www.theedgemarkets.com/article/bursa-malaysia-ends-morning-session-marginally-higher
ended lower today weak timent id lingering concerns fast-spreading Delta coronavirus variant effect,negative,-0.9981423616409302,2021-07-21T10:30:34.000000Z,thesundaily.my,https://www.thesundaily.my/home/bursa-malaysia-ends-weaker-on-lingering-concerns-over-delta-variant-XM8097275
ended morning trading session higher idst sustained buying interest selected heavyweights led Mr DIY Group CIMB Group,positive,0.9268370866775513,2021-07-22T05:14:08.000000Z,theedgemarkets.com,https://www.theedgemarkets.com/article/bursa-malaysia-ends-morning-session-higher-1
ended broadly higher today key index rising lifted led telecommunications stocks Digi,positive,0.9720163345336914,2021-07-22T11:31:20.000000Z,thesundaily.my,https://www.thesundaily.my/home/bursa-malaysia-ends-at-intraday-high-ci-up-073-pct-JA8103902
key index remained lower end morning trading session today weighed selling activities selected heavyweights benchmark fell Thursday close,negative,-0.9993749260902405,2021-07-23T05:19:20.000000Z,theedgemarkets.com,https://www.theedgemarkets.com/article/fbm-klci-ends-morning-session-lower
ended slightly higher today bargain hunting despite mixed timent surrounding regional markets ,positive,0.9566454887390137,2021-07-27T10:28:33.000000Z,thesundaily.my,https://www.thesundaily.my/home/bursa-malaysia-ends-slightly-higher-on-bargain-hunting-LI8129782
ended morning trading session lower today weighed profit-taking selected heavyweight stocks benchmark easier Tuesday close,negative,-0.9920403361320496,2021-07-28T05:11:15.000000Z,theedgemarkets.com,https://www.theedgemarkets.com/article/bursa-malaysia-stays-negative-throughout-morning-session
ended mixed today late buying heavyweights lifted barometer index positive territory dealer said,negative,-0.9144481420516968,2021-07-28T11:15:11.000000Z,thesundaily.my,https://www.thesundaily.my/home/bursa-malaysia-ends-mixed-ci-up-marginally-EE8134413
Based corporate announcements news flow today companies focus tomorrow include BSL Corp Lotte Chemical Titan IJM Corp JAKS Resources Airports Gadang Oversea Enterprise Sersol,positive,0.983860969543457,2021-07-28T15:28:36.000000Z,theedgemarkets.com,https://www.theedgemarkets.com/article/bsl-corp-lotte-chemical-ijm-jaks-bursa-mahb-genetec-cycle-carriage-glomac-bioalpha-mercury
bucked regional market trend end lower today weighed profit-taking selected heavyweights id,negative,-0.9814375638961792,2021-07-29T10:25:15.000000Z,thesundaily.my,https://www.thesundaily.my/home/bursa-malaysia-bucks-regional-trend-to-end-lower-FI8138447
extended week losses end lower today key index remaining - level weak market,negative,-0.9990947246551514,2021-08-02T12:22:45.000000Z,thesundaily.my,https://www.thesundaily.my/home/weak-market-sentiment-drags-bursa-malaysia-lower-YE8152265
slightly higher early trade today reversing yesterday downtrend market timent improved hopes stimulus packages United States China coupled decline daily local COVID- cases dealers said,positive,0.9748104810714722,2021-08-03T01:46:00.000000Z,theedgemarkets.com,https://www.theedgemarkets.com/article/bursa-malaysia-slightly-higher-early-trade
recouped earlier losses end positive territory today key index closing intra-day high thanks,positive,0.9978033900260925,2021-08-03T10:44:30.000000Z,thesundaily.my,https://www.thesundaily.my/home/bursa-malaysia-recoups-earlier-losses-to-end-at-intraday-high-CL8159026
opened broadly lower today tandem regional peers heightened COVID- cases weighed timent benchmark erased Tuesday close,negative,-0.9940844178199768,2021-08-04T01:43:00.000000Z,theedgemarkets.com,https://www.theedgemarkets.com/article/bursa-malaysia-opens-broadly-lower
extended losses midday ending morning trading session lower sell-offs board idst weak market timent lunch break benchmark fell Tuesday close,negative,-0.9992607235908508,2021-08-04T04:48:08.000000Z,theedgemarkets.com,https://www.theedgemarkets.com/article/bursa-malaysia-ends-morning-session-lower-0
gave yesterday gains close broadly lower today concerns rapid spread Delta variant Covid-,negative,-0.9924732446670532,2021-08-04T10:33:42.000000Z,thesundaily.my,https://www.thesundaily.my/home/weak-sentiment-drags-bursa-malaysia-lower-DX8167270
reversed yesterday downtrend open higher today tandem regional peers thanks improved market timent dealers said benchmark gained Wednesday close,positive,0.9871898293495178,2021-08-05T01:21:39.000000Z,theedgemarkets.com,https://www.theedgemarkets.com/article/bursa-malaysia-rebounds-early-trade
ended morning trading session higher key index remained positive territory continuous buying support heavyweights small-capitalisation stocks,positive,0.9549440741539001,2021-08-05T04:46:32.000000Z,theedgemarkets.com,https://www.theedgemarkets.com/article/bursa-malaysia-ends-morning-session-higher-2
higher today persistent buying support selected heavyweights closed intraday peak id improved,positive,0.994889497756958,2021-08-05T09:58:37.000000Z,thesundaily.my,https://www.thesundaily.my/home/bursa-malaysia-ends-higher-on-improved-sentiment-LF8171287
ended morning trading session lower dragged selling selected heavyweights idst weak market timent lunch break benchmark eased Thursday close,negative,-0.9980238676071167,2021-08-06T05:02:45.000000Z,theedgemarkets.com,https://www.theedgemarkets.com/article/bursa-malaysia-ends-morning-session-lower-1
ended morning trading session higher supported consistent buying selected technology consumer product services counters despite weaker timent regional market,positive,0.9830659627914429,2021-08-09T05:10:52.000000Z,theedgemarkets.com,https://www.theedgemarkets.com/article/bursa-malaysia-ends-morning-session-higher-3
ended morning trading session higher supported positive develoent local economy dealers said lunch break benchmark rose Monday close,positive,0.981782853603363,2021-08-11T04:47:20.000000Z,theedgemarkets.com,https://www.theedgemarkets.com/article/bursa-malaysia-higher-midday-0
ended higher today supported persistent buying selected consumer products services healthcare,positive,0.9907379746437073,2021-08-11T10:40:17.000000Z,thesundaily.my,https://www.thesundaily.my/home/bursa-malaysia-ends-higher-driven-by-consumer-products-healthcare-stocks-DG8190243
opened slightly higher retreated profit-taking started emerge selected heavyweights following gains dealers said benchmark declined Wednesday close,negative,-0.9899786710739136,2021-08-12T01:49:24.000000Z,theedgemarkets.com,https://www.theedgemarkets.com/article/bursa-malaysia-opens-higher-retreated-thereafter
ended morning trading session lower emerging profit-taking selected consumer products services counters dealers said lunch break benchmark slipped Wednesday close,negative,-0.9991381168365479,2021-08-12T05:13:52.000000Z,theedgemarkets.com,https://www.theedgemarkets.com/article/bursa-malaysia-ends-morning-session-lower-2
rebounded yesterday losses open higher driven renewed buying interest idst mixed timent domestic economic outlook dealers said benchmark rose Thursday close index opened better broader market gainers surpassed losers versus counters unchanged untraded suspended,negative,-0.9637117981910706,2021-08-13T01:25:55.000000Z,theedgemarkets.com,https://www.theedgemarkets.com/article/bursa-malaysia-rebounds-open-higher-0
ended morning trading session slightly lower emerging profit-taking selected industrial products services technology counters dealers said,negative,-0.9978760480880737,2021-08-13T04:46:29.000000Z,theedgemarkets.com,https://www.theedgemarkets.com/article/bursa-malaysia-ends-morning-session-slightly-lower
expected continue cautious timent going week benchmark index hovering range dealer said,negative,-0.9856951832771301,2021-08-14T02:09:07.000000Z,theedgemarkets.com,https://www.theedgemarkets.com/article/cautious-sentiment-expected-continue-bursa-malaysia-next-week
Prime Minister Muhyiddin Yassin expected hand resignation King Monday following special cabinet meeting,negative,-0.989255428314209,2021-08-16T07:11:09.000000Z,themarketherald.com.au,https://themarketherald.com.au/malaysian-pm-expected-to-resign-ringgit-falls-to-a-one-year-low-2021-08-16/
local bourse dire need liquidity n regional markets experienced massive foreign outflows,negative,-0.981671154499054,2021-08-16T13:48:52.000000Z,thesundaily.my,https://www.thesundaily.my/business/bursa-malaysia-in-dire-need-of-liquidity-rakuten-research-head-KA8211927
resignation Prime Minister Tan Sri Muhyiddin Yassin Cabinet shoved political quagmire time,negative,-0.9966198205947876,2021-08-16T14:22:27.000000Z,thesundaily.my,https://www.thesundaily.my/local/pn-gov-t-rule-ends-with-muhyiddin-s-resignation-as-pm-KY8212419
Based corporate announcements news flow today companies focus tomorrow include Yinson HPP Revenue Group Genting Plantations Mercury Industries QL Resources Evergreen Fibreboard WCT Eden Inc Syarikat Takaful Keluarga Pos AEON Credit Service Ahmad Zaki Resources Mobilia,positive,0.9910118579864502,2021-08-16T15:45:09.000000Z,theedgemarkets.com,https://www.theedgemarkets.com/article/yinson-hpp-holdings-revenue-group-genting-plantations-mercury-ql-resources-evergreen
opened higher key index rising bargain-hunting activities,positive,0.665535569190979,2021-08-17T01:53:00.000000Z,theedgemarkets.com,https://www.theedgemarkets.com/article/bursa-opens-higher-bargainhunting-activities
n lawmakers Wednesday afternoon submit letter palace ning choice prime minister,negative,-0.9234240055084229,2021-08-17T07:52:58.000000Z,themarketherald.com.au,https://themarketherald.com.au/muhyiddin-to-continue-as-caretaker-malaysian-pm-as-covid-19-prevents-fresh-elections-2021-08-17/
ended higher key index bouncing stronger today anticipation swift decision,positive,0.9507997035980225,2021-08-17T11:09:45.000000Z,thesundaily.my,https://www.thesundaily.my/home/bursa-malaysia-ends-higher-ci-soars-138-pct-BE8215542
opened lower key index falling yesterday strong performance,negative,-0.9982514977455139,2021-08-18T01:18:27.000000Z,theedgemarkets.com,https://www.theedgemarkets.com/article/bursa-malaysia-opens-lower-profittaking
ended morning trading session lower profit-taking activities line weaker performance overnight lunch break benchmark inched of-a- Tuesday close,negative,-0.9974530339241028,2021-08-18T04:52:32.000000Z,theedgemarkets.com,https://www.theedgemarkets.com/article/bursa-malaysia-ends-morning-session-lower-3
ended mixed today key index rising cautious timent id ongoing,negative,-0.9913071990013123,2021-08-18T10:31:27.000000Z,thesundaily.my,https://www.thesundaily.my/home/bursa-malaysia-ends-mixed-ci-up-011-pct-BX8220175
ended morning trading session lower prevailing cautious timent ongoing political develoents country line regional markets,negative,-0.9844757914543152,2021-08-19T05:13:19.000000Z,theedgemarkets.com,https://www.theedgemarkets.com/article/bursa-malaysia-ends-morning-session-lower-4
ended morning trading session mixed key index rising buying support selected heavyweights led Sime Darby Plantation CIMB Group,negative,-0.9963095784187317,2021-08-20T05:18:48.000000Z,theedgemarkets.com,https://www.theedgemarkets.com/article/bursa-malaysia-ends-morning-session-mixed-klci-041
benchmark likely trade tight range week id reduced volatility market following announcement new Prime Minister said analyst,negative,-0.9540249705314636,2021-08-21T02:21:20.000000Z,theedgemarkets.com,https://www.theedgemarkets.com/article/bursa-expected-move-tight-range-next-week
ended morning trading session positive note supported expectations bullish earnings season positive timent n political develoent,positive,0.9981439113616943,2021-08-23T05:05:11.000000Z,theedgemarkets.com,https://www.theedgemarkets.com/article/bursa-malaysia-ends-morning-session-higher-4
ended morning trading session high note boosted plantation banking counters benchmark rose Monday close,positive,0.972687840461731,2021-08-24T04:48:13.000000Z,theedgemarkets.com,https://www.theedgemarkets.com/article/banks-plantations-boost-bursa-malaysia-klci-lunch-break
political instability country addressed vaccination rate rising main focus kick-start,negative,-0.7241482138633728,2021-08-25T06:50:00.000000Z,thesundaily.my,https://www.thesundaily.my/local/now-is-the-time-to-kick-start-the-economy-economist-FN8249667
continued hover two-month-high level Thursday benchmark composite index rallying -level advanced Wednesday close,negative,-0.9804908633232117,2021-08-26T12:56:41.000000Z,theedgemarkets.com,https://www.theedgemarkets.com/article/bursa-extends-rally-klci-rises-1585-level
rebounded mid-morning bargain hunting resumed boosted optimism following announcement country new,positive,0.9967488050460815,2021-08-27T03:41:42.000000Z,thesundaily.my,https://www.thesundaily.my/business/bursa-malaysia-rebounds-at-mid-morning-on-new-cabinet-line-up-optimism-BE8262021
ended day near three-month high barometer index hovering despite continuous profit-tak,negative,-0.9934563040733337,2021-08-27T10:08:31.000000Z,thesundaily.my,https://www.thesundaily.my/home/bursa-malaysia-climbs-to-near-3-month-high-ihh-provides-boost-CF8263602
Based corporate announcements news flow today companies focus Monday include: Public Bank RHB Bank Axiata Group Telekom Alliance Bank Power Root CI CSC Steel Sarawak Plantation Padini TIME dotCom Kerjaya Prospek Property Parount Corp,positive,0.8233581185340881,2021-08-27T15:29:51.000000Z,theedgemarkets.com,https://www.theedgemarkets.com/article/public-bank-rhb-axiata-tm-bumi-armada-boustead-maybank-osk-petronas-alliance-bank-power-root
Trading activity Bursa expected slow upcoming holiday-shortened week markets closed Tuesday National Day celebration,negative,-0.9889624714851379,2021-08-28T02:17:10.000000Z,theedgemarkets.com,https://www.theedgemarkets.com/article/bursa-malaysia-expected-see-trading-slowdown-next-week
turned mixed end morning session id positive trend regional markets mild profit-taking selected heavyweights erased earlier gains dealers said,negative,-0.9927313923835754,2021-08-30T05:03:28.000000Z,theedgemarkets.com,https://www.theedgemarkets.com/article/bursa-malaysia-turns-mixed-midday
main positive economy new Cabinet line-up retentions Finance Minister Tengku Datuk Seri Zafrul Abdul,positive,0.9969180822372437,2021-08-30T08:46:13.000000Z,thesundaily.my,https://www.thesundaily.my/business/retention-of-tengku-zafrul-tok-pa-in-cabinet-indicates-tabling-of-rmk-12-budget-2022-on-track-maybank-ib-YD8270364
remained lower end morning trading session increasing profit-taking activities selected heavyweights dealers said benchmark declined compared Monday close,negative,-0.9978201389312744,2021-09-01T04:47:06.000000Z,theedgemarkets.com,https://www.theedgemarkets.com/article/bursa-malaysia-ends-morning-session-lower-5
rebounded yesterday losses open higher today boosted renewed buying interest selected heavyweights investors took advantage lower prices dealers said,negative,-0.8925952315330505,2021-09-02T01:53:00.000000Z,theedgemarkets.com,https://www.theedgemarkets.com/article/bursa-malaysia-rebounds-open-higher-1
lower midday break today continued profit taking selected industrial products services transportation logistics counters id mixed regional market timent dealers said,negative,-0.9598061442375183,2021-09-02T04:52:56.000000Z,theedgemarkets.com,https://www.theedgemarkets.com/article/bursa-malaysia-lower-midday-0
rebounded yesterday losses open higher today bolstered renewed buying interest selected heavyweights investors drawn lower share prices dealers said,positive,0.9894759654998779,2021-09-03T01:56:00.000000Z,theedgemarkets.com,https://www.theedgemarkets.com/article/bursa-malaysia-opens-higher-4
turned mixed midday break today mild profit-taking selected heavyweights cancelled earlier gains despite positive regional market timent dealers said,negative,-0.9945294260978699,2021-09-03T04:58:42.000000Z,theedgemarkets.com,https://www.theedgemarkets.com/article/bursa-malaysia-turns-mixed-midday-0
Late buying selected telecommunications media financial service counters pushed end intra-day high today id mixed timents regional markets dealers said,negative,-0.9865024089813232,2021-09-03T10:47:57.000000Z,theedgemarkets.com,https://www.theedgemarkets.com/article/late-buying-telecom-financial-service-counters-pushes-bursa-end-days-high
remained negative territory end morning trading session today weighed selling pressure heavyweight stocks dealers said,negative,-0.9984022974967957,2021-09-06T04:47:21.000000Z,theedgemarkets.com,https://www.theedgemarkets.com/article/bursa-malaysia-ends-morning-session-lower-6
bucked regional market trend end lower today succumbing selling pressure heavyweight stocks dealers said,negative,-0.9959996938705444,2021-09-06T10:22:17.000000Z,thesundaily.my,https://www.thesundaily.my/home/bursa-malaysia-bucks-regional-trend-to-end-lower-YB8298155
opened slightly higher today line regional peers extended yesterday rally investors viewed latest weak jobs report positively data stoked view Federal Reserve delay paring stimulus measures helped markets dealers said,positive,0.9838416576385498,2021-09-07T01:46:00.000000Z,theedgemarkets.com,https://www.theedgemarkets.com/article/bursa-malaysia-opens-slightly-higher
ended morning trading session today marginally higher following range-bound trading supported buying selected heavyweights dealers said,negative,-0.9629182815551758,2021-09-07T04:56:53.000000Z,theedgemarkets.com,https://www.theedgemarkets.com/article/bursa-malaysia-ends-morning-session-slightly-higher
ended slightly higher today range-bound trading supported buying selected heavyweight stocks dealers said benchmark Monday close,positive,0.9719951748847961,2021-09-07T09:45:22.000000Z,theedgemarkets.com,https://www.theedgemarkets.com/article/bursa-malaysia-ends-slightly-higher-rangebound-trade
ended slightly higher today range-bound trading supported buying selected heavyweight stocks dealers said,positive,0.9911373853683472,2021-09-07T11:07:55.000000Z,thesundaily.my,https://www.thesundaily.my/business/bursa-malaysia-ends-slightly-higher-in-range-bound-trade-FE8305106
ended morning trading session today slightly lower key index moving tight range id selling selected heavyweight counters dealers said,negative,-0.53196781873703,2021-09-08T04:51:00.000000Z,theedgemarkets.com,https://www.theedgemarkets.com/article/bursa-malaysia-ends-morning-session-lower-7
ended intraday high lifted last-minute buying selected heavyweight stocks led Press Metal Aluminium MISC dealers said,positive,0.9975117444992065,2021-09-08T09:20:50.000000Z,theedgemarkets.com,https://www.theedgemarkets.com/article/bursa-malaysia-ends-firm-note-lastminute-buying
opened lower today tracking downbeat overnight performance European stock markets id protracted concerns slower economic growth dealers said,negative,-0.9941467046737671,2021-09-09T01:46:00.000000Z,theedgemarkets.com,https://www.theedgemarkets.com/article/bursa-malaysia-opens-lower-tracking-lacklustre-global-markets
business-like approach constructive attitude government business community people n,positive,0.9994120597839355,2021-09-09T04:47:37.000000Z,thesundaily.my,https://www.thesundaily.my/local/malaysian-economy-to-build-back-better-based-on-right-approach-attitude-wahid-omar-AE8314741
reversed yesterday gains ending red today selling pressure board index-linked stocks Glove Corporation MISC Press Metal Aluminium losers weighed combined dealers said,negative,-0.9954580068588257,2021-09-09T09:58:29.000000Z,theedgemarkets.com,https://www.theedgemarkets.com/article/bursa-malaysia-ends-red-reversing-yesterdays-gains
extended downtrend open lower today tracking downbeat overnight performance United States stock markets mounting concerns spread COVID- Delta variant impede economic growth dealers said,negative,-0.9884849786758423,2021-09-10T01:21:34.000000Z,theedgemarkets.com,https://www.theedgemarkets.com/article/bursa-malaysia-extends-downtrend
continued trade consolidation mode ending morning trading session lower bucking regional peers’ performance dealers said benchmark fell Thursday close,negative,-0.9988515377044678,2021-09-10T04:48:55.000000Z,theedgemarkets.com,https://www.theedgemarkets.com/article/bursa-malaysia-ends-morning-session-lower-8
expected continue consolidating trade cautious mode week investors weigh resurgence new COVID- cases impact economy companies’ earnings Bank Islchief economist Mohd AfzanizAbdul Rashid said expected hover tight range week ahead “Despite heartening note net purchases foreign funds late,negative,-0.9595507979393005,2021-09-11T02:11:09.000000Z,theedgemarkets.com,https://www.theedgemarkets.com/article/caution-consolidation-seen-continuing-bursa-next-week
ended morning trading session lower today sellers broadly outpacing gainers risk appetites clouded weak market timent,negative,-0.9988258481025696,2021-09-13T04:49:25.000000Z,theedgemarkets.com,https://www.theedgemarkets.com/article/bursa-malaysia-ends-morning-session-broadly-lower
key composite index finished lower today weighed selling selected heavyweights led Glove Corp benchmark fell Friday close,negative,-0.9994687438011169,2021-09-13T09:29:14.000000Z,theedgemarkets.com,https://www.theedgemarkets.com/article/klci-finishes-037-lower
theedgemarketscom highlighted stocks momentum afternoon close today stocks showed negative momentum stock displayed positive momentum,positive,0.9950856566429138,2021-09-14T05:35:45.000000Z,theedgemarkets.com,https://www.theedgemarkets.com/article/hextar-global-tiong-nam-threea-resources-damansara-holdings-iq-group-smis-corp-woodlandor-yg
opened slightly lower rebounded driven bargain hunting selected heavyweights led financial services counters benchmark rose Tuesday's close,negative,-0.9708555936813354,2021-09-15T02:30:47.000000Z,theedgemarkets.com,https://www.theedgemarkets.com/article/bursa-malaysia-opens-slightly-lower-rebounds-thereafter
ended flat roller-coaster trading session losing marginally losers led Hap Seng Consolidated Tenaga Nasional Nestle said Rakuten Trade Sdn vice president equity research Thong Pak Leng,negative,-0.9995386600494385,2021-09-15T09:42:50.000000Z,theedgemarkets.com,https://www.theedgemarkets.com/article/bursa-malaysia-ends-flat
Subur Tiasa rose morning returning profitability latest quarter morning sixth gainer rising shares traded,positive,0.8828685283660889,2021-09-17T01:53:20.000000Z,theedgemarkets.com,https://www.theedgemarkets.com/article/subur-tiasa-29-after-returning-black-latest-quarter
opened higher today key index rising bargain-hunting activities,positive,0.9529238939285278,2021-09-17T01:59:00.000000Z,theedgemarkets.com,https://www.theedgemarkets.com/article/bursa-malaysia-opens-higher-bargainhunting
benchmark expected week return foreign participation local stock market economic activities resumption,negative,-0.9908668994903564,2021-09-18T02:34:44.000000Z,theedgemarkets.com,https://www.theedgemarkets.com/article/klci-expected-trade-15601580-range-next-week
extended downward trend opening Monday lack catalysts benchmark fell Friday close opened of-a- easier Market breadth negative losers surpassing gainers counters unchanged untraded suspended,negative,-0.9992272853851318,2021-09-20T01:21:35.000000Z,theedgemarkets.com,https://www.theedgemarkets.com/article/bursa-malaysia-opens-lower-0
ended morning trading session easier selling activities selected heavyweights led Glove Corp Press Metal Aluminium,negative,-0.9816312193870544,2021-09-20T05:16:45.000000Z,theedgemarkets.com,https://www.theedgemarkets.com/article/bursa-malaysia-ends-morning-session-lower-11
ended Monday red seventh consecutive session despite foreign investors returning market pushed selling selected heavyweight counters led Sime Darby Plantation Glove Corp,negative,-0.939049482345581,2021-09-20T09:23:21.000000Z,theedgemarkets.com,https://www.theedgemarkets.com/article/bursa-malaysia-ends-red-klci-falls-133
opened lower line weaker performance overnight benchmark fell Monday close opened weaker Market breadth negative losers outpacing gainers counters unchanged untraded suspended,negative,-0.9989987015724182,2021-09-21T01:23:28.000000Z,theedgemarkets.com,https://www.theedgemarkets.com/article/bursa-malaysia-opens-lower-1
ended morning session flat following weak performance overnight lunch break benchmark inched of-a- Monday close,negative,-0.9996534585952759,2021-09-21T05:05:18.000000Z,theedgemarkets.com,https://www.theedgemarkets.com/article/bursa-malaysia-ends-morning-session-flat
key index ended slightly higher bargain-hunting activities emerged seven straight days losses lifted mainly telco ging banking stocks,negative,-0.9944247007369995,2021-09-21T10:00:54.000000Z,theedgemarkets.com,https://www.theedgemarkets.com/article/fbm-klci-climbs-017-close
key index ended easier lacklustre trade weak market timent lack buying catalyst concerns persisted Chinese property group Evergrande Group debt impact global markets,negative,-0.9973383545875549,2021-09-22T09:50:15.000000Z,theedgemarkets.com,https://www.theedgemarkets.com/article/fbm-klci-dips-009-investors-remain-cautious-over-evergrande-us-fed-decision
ended morning trading session higher idst continued buying support board lunch break benchmark advanced Wednesday close,positive,0.9617534875869751,2021-09-23T04:59:56.000000Z,theedgemarkets.com,https://www.theedgemarkets.com/article/bursa-malaysia-ends-morning-session-higher-5
key index ended broadly higher investors took opportunity hunt bargains today said analyst benchmark jumped Wednesday close,negative,-0.6307466626167297,2021-09-23T09:27:43.000000Z,theedgemarkets.com,https://www.theedgemarkets.com/article/fbm-klci-broadly-higher-bargainhunting-activities
opened marginally higher today idst better performance overnight benchmark inched of-a- Thursday close,positive,0.5388507843017578,2021-09-24T01:44:00.000000Z,theedgemarkets.com,https://www.theedgemarkets.com/article/bursa-malaysia-opens-marginally-higher-0
ended morning trading session lower lack buying momentum lunch break benchmark fell Thursday close,negative,-0.9994070529937744,2021-09-24T04:46:12.000000Z,theedgemarkets.com,https://www.theedgemarkets.com/article/bursa-malaysia-ends-morning-session-lower-12
ended week lower lack buying momentum benchmark fell Thursday close,negative,-0.9995063543319702,2021-09-24T09:30:44.000000Z,theedgemarkets.com,https://www.theedgemarkets.com/article/fbm-klci-ends-week-lower
benchmark likely sideways week immediate support-resistance level said analyst,negative,-0.9914681911468506,2021-09-25T02:14:50.000000Z,theedgemarkets.com,https://www.theedgemarkets.com/article/fbm-klci-likely-trade-sideways-next-week
ended morning trading session lower lack buying momentum lunch break benchmark fell Friday close,negative,-0.9993908405303955,2021-09-27T06:33:39.000000Z,theedgemarkets.com,https://www.theedgemarkets.com/article/bursa-malaysia-ends-morning-session-lower-13
Late buying selected heavyweights lifted negative territory end slightly higher Monday investors digested th Plan - dealers said,negative,-0.9882368445396423,2021-09-27T09:40:21.000000Z,theedgemarkets.com,https://www.theedgemarkets.com/article/bursa-malaysia-rebounds-close-slightly-higher
Continuous buying selected industrial products services healthcare counters lifted close intraday high Tuesday investors confident bullish domestic economic outlook dealers said,positive,0.6625701189041138,2021-09-28T09:18:39.000000Z,theedgemarkets.com,https://www.theedgemarkets.com/article/bursa-malaysia-ends-intraday-high-continuous-buying-support
finished intra-day high second consecutive day Wednesday lifted late buying selected financial services industrial products services counters id concerns local global economic outlook dealers said,negative,-0.7285834550857544,2021-09-29T09:39:25.000000Z,theedgemarkets.com,https://www.theedgemarkets.com/article/late-buying-pushes-bursa-malaysia-close-days-high
opened lower Thursday continued profit-taking selected heavyweights timents remained weak concerns bearish economic outlook dealers said benchmark fell Wednesday close,negative,-0.9995077848434448,2021-09-30T01:45:00.000000Z,theedgemarkets.com,https://www.theedgemarkets.com/article/bursa-malaysia-opens-lower-continued-profittaking
ended lower Thursday continued selling activities telecommunications media industrial products services counters idst cautious timents regional markets dealers said,negative,-0.983856201171875,2021-09-30T09:18:19.000000Z,theedgemarkets.com,https://www.theedgemarkets.com/article/bursa-malaysia-ends-lower-profittaking
ended lower Friday continued selling activities healthcare telecommunications media counters id weaker timent regional markets dealers said,negative,-0.9959273934364319,2021-10-01T09:21:38.000000Z,theedgemarkets.com,https://www.theedgemarkets.com/article/bursa-malaysia-closes-lower
benchmark likely continue downtrend week driven bearish economic outlook domestic global fronts dealer said,negative,-0.9910449981689453,2021-10-02T02:36:54.000000Z,theedgemarkets.com,https://www.theedgemarkets.com/article/fbm-klci-likely-continue-downtrend-next-week
remained mixed mid-morning idst profit-taking heavyweights persistent buying demand small-cap stocks helped support market,negative,-0.980989933013916,2021-10-04T04:55:47.000000Z,theedgemarkets.com,https://www.theedgemarkets.com/article/bursa-malaysia-remains-mixed-midday
ended marginally lower Monday dragged selling selected heavyweights id weaker timent regional markets dealers said,negative,-0.9972919821739197,2021-10-04T09:18:13.000000Z,theedgemarkets.com,https://www.theedgemarkets.com/article/bursa-malaysia-ends-marginally-lower
opened lower Tuesday morning extending Monday downtrend investors remained cautious weak external develoent id lack domestic catalysts dealers said,negative,-0.9971074461936951,2021-10-05T01:24:18.000000Z,theedgemarkets.com,https://www.theedgemarkets.com/article/cautious-sentiment-drags-bursa-lower-early-trade
benchmark remained higher midday thanks continuous buying support selected heavyweights led Glove Corp,positive,0.9900957345962524,2021-10-05T05:22:08.000000Z,theedgemarkets.com,https://www.theedgemarkets.com/article/fbm-klci-ends-morning-session-higher
benchmark ended intraday high Tuesday spurred bargain hunting selected heavyweights,negative,-0.8091941475868225,2021-10-05T09:19:41.000000Z,theedgemarkets.com,https://www.theedgemarkets.com/article/bursa-malaysia-ends-intraday-high-bargain-hunting
Based corporate announcements news flow Tuesday companies focus Wednesday include Malayan Banking Kelington Group SC Estate Builder AirAsia Group Muar Ban Lee Group Federal International Caely Solarvest Tune Protect Group KPJ Healthcare Lbo Group Majuperak,negative,-0.595643162727356,2021-10-05T15:35:09.000000Z,theedgemarkets.com,https://www.theedgemarkets.com/article/maybank-kelington-sc-estate-builder-airasia-muar-ban-lee-federal-international-caely
Insas listing stockbroking arm M & Securities Sdn reverse takeover furniture maker SYF Resources securities firm valued repreting price-to-book valuation times — generally higher banks listed — price-to-earnings ratio times,negative,-0.9751117825508118,2021-10-06T13:26:58.000000Z,theedgemarkets.com,https://www.theedgemarkets.com/article/insas-list-ma-securities-rto-syf-resources-valuing-stockbroker-12-times-book-value
Insas proposed inject wholly-owned subsidiary M&A Securities Sdn SYF Resources proposal Insas,negative,-0.9933450222015381,2021-10-06T14:23:31.000000Z,thesundaily.my,https://www.thesundaily.my/business/insas-to-inject-ma-securities-into-syf-resources-in-reverse-takeover-proposal-FB8434421
Based corporate announcements news flow Wednesday companies focus Thursday include AirAsia Group Kimlun Corp Yinson Tenaga Nasional Theta Edge Mieco Chipboard SYF Resources Glove Corp Insas,negative,-0.9183552861213684,2021-10-06T15:04:15.000000Z,theedgemarkets.com,https://www.theedgemarkets.com/article/airasia-kimlun-yinson-tenaga-nasional-theta-edge-mieco-syf-resources-top-glove-insas
turned higher midday key index recouping earlier losses buying support selected heavyweights led Dialog Group lunch break FBM gained Wednesday close,negative,-0.9949159622192383,2021-10-07T05:19:18.000000Z,theedgemarkets.com,https://www.theedgemarkets.com/article/bursa-turns-marginally-higher-midday
benchmark index closed intraday high consecutive day spurred buying selected heavyweights led Dialog Group small-capitalisation stocks roller-coaster trading session FBM ended firmer Wednesday close,negative,-0.9800395369529724,2021-10-07T09:56:36.000000Z,theedgemarkets.com,https://www.theedgemarkets.com/article/klci-ends-days-high-third-consecutive-day
Based corporate announcements news flow Thursday companies focus Friday include Malayan Banking Tenaga Nasional Crest Builder UEM Sunrise Ireka Corp BIMB Syarikat Takaful Keluarga Fast Energy Dynaciate Group,positive,0.6554583311080933,2021-10-07T16:10:05.000000Z,theedgemarkets.com,https://www.theedgemarkets.com/article/maybank-tenaga-nasional-crest-builder-uem-sunrise-ireka-bimb-syarikat-takaful-malaysia
slightly higher Friday morning tandem regional peers tracked overnight rally buying mainly spotted small-caps dealers said benchmark higher Thursday close,negative,-0.7301720976829529,2021-10-08T01:59:00.000000Z,theedgemarkets.com,https://www.theedgemarkets.com/article/bursa-malaysia-opens-higher-positive-market
expected extend winning streak week riding positive market timent buying likely focused plantation oil gas stocks,negative,-0.6136136054992676,2021-10-09T02:22:51.000000Z,theedgemarkets.com,https://www.theedgemarkets.com/article/fbm-klcis-winning-streak-expected-continue-next-week
extended gains fifth consecutive session Monday investors anticipate economy continue expand following resumption interstate travels firmer compared Friday close,negative,-0.731112003326416,2021-10-11T01:51:00.000000Z,theedgemarkets.com,https://www.theedgemarkets.com/article/bursa-malaysia-extends-gains-fifth-straight-session
higher lunch break boosted positive timents idst resumption interstate travels,positive,0.9985349178314209,2021-10-11T05:06:09.000000Z,theedgemarkets.com,https://www.theedgemarkets.com/article/bursa-malaysia-higher-noon-amidst-optimism-economic-recovery
Surging oil prices lifted energy index optimism domestic economic recovery saw ending one-month high Monday,positive,0.8529636859893799,2021-10-11T09:33:35.000000Z,theedgemarkets.com,https://www.theedgemarkets.com/article/bursa-hits-onemonth-high-surging-oil-prices-interstate-resumption-lifts-sentiment
barometer index higher midday Tuesday investors continued seek economic growth-related heavyweight stocks mainly banking sector,negative,-0.8074516654014587,2021-10-12T05:03:11.000000Z,theedgemarkets.com,https://www.theedgemarkets.com/article/banking-counters-lift-fbm-klci-midday
barometer index ended day level thanks gains bank telecommunication counters,negative,-0.9254923462867737,2021-10-12T13:41:58.000000Z,thesundaily.my,https://www.thesundaily.my/business/banks-telcos-push-fbm-klci-above-1580-level-YD8454991
maintained uptrend midday bolstered banking counters timents boosted resumption economic activities,positive,0.9730639457702637,2021-10-13T04:49:10.000000Z,theedgemarkets.com,https://www.theedgemarkets.com/article/bursa-malaysia-higher-noon-klci-above-1590-level
Wednesday broke psychological level accumulating gains seven-day rally increased Tuesday close,positive,0.9845437407493591,2021-10-13T09:46:31.000000Z,theedgemarkets.com,https://www.theedgemarkets.com/article/bursa-malaysia-breaches-1600-level
Based corporate announcements news flow Wednesday companies focus Thursday include UMW FGV Solarvest Selangor Dredging Malakoff Corp Gas MMC Corp CIMB Group TIME dotCom Sarawak Consolidated Industries Zhulian Corp Maxis Green Packet,negative,-0.9123561978340149,2021-10-13T15:00:41.000000Z,theedgemarkets.com,https://www.theedgemarkets.com/article/umw-fgv-solarvest-selangor-dredging-malakoff-gas-malaysia-mmc-corp-cimb-time-scib-zhulian
opened lower Thursday mild profit-taking selected heavyweights following gains decreased of-a- Wednesday close,negative,-0.9961885809898376,2021-10-14T02:26:58.000000Z,theedgemarkets.com,https://www.theedgemarkets.com/article/bursa-malaysia-opens-lower-3
ended morning session lower key index declining weighed losses selected heavyweights led Sime Darby Plantation CIMB Group,negative,-0.9950922727584839,2021-10-14T04:55:00.000000Z,theedgemarkets.com,https://www.theedgemarkets.com/article/bursa-malaysia-ends-morning-session-lower-16
closed lower Thursday key index declining profit-taking activities seven days gains market dragged mainly banking plantation oil gas heavyweights said Rakuten Trade Sdn vice-president equity research Thong Pak Leng,negative,-0.9981221556663513,2021-10-14T09:45:02.000000Z,theedgemarkets.com,https://www.theedgemarkets.com/article/bursa-malaysia-ends-lower-profit-taking
ended morning session higher sync performance regional markets following positive cues overnight,positive,0.9888138175010681,2021-10-15T04:59:59.000000Z,theedgemarkets.com,https://www.theedgemarkets.com/article/bursa-malaysia-higher-midday-sync-regional-bourses
Steady gains board particularly banking sector boosted end higher trading day week bullish showing sync upbeat performance regional markets following positive cues overnight,positive,0.9985413551330566,2021-10-15T09:45:34.000000Z,theedgemarkets.com,https://www.theedgemarkets.com/article/gains-almost-all-sectors-boost-bursa-malaysia-end-higher
opened firmer Monday extending week positive momentum following positive cues lifted optimism corporate earnings seasons improved labour data,positive,0.9892724752426147,2021-10-18T01:37:00.000000Z,theedgemarkets.com,https://www.theedgemarkets.com/article/bursa-malaysia-opens-firmer
ended morning session higher line regional peers coupled continued buying activities index-linked counters led Public Bank Hartalega CIMB Group,negative,-0.8663858771324158,2021-10-18T05:14:41.000000Z,theedgemarkets.com,https://www.theedgemarkets.com/article/bursa-malaysia-ends-morning-session-higher-6
finished higher continued buying interest selected heavyweights led CIMB Group Hartalega Public Bank,positive,0.6868141293525696,2021-10-18T10:09:02.000000Z,theedgemarkets.com,https://www.theedgemarkets.com/article/bursa-malaysia-ends-higher
remained lower midday Friday continued profit-taking selected heavyweights led financial services property related stocks despite better performance key regional markets dealers said,negative,-0.9976294636726379,2021-10-22T05:25:35.000000Z,theedgemarkets.com,https://www.theedgemarkets.com/article/bursa-malaysia-remains-lower-midday-0
outlook expected remain positive week attractive valuations continuous strong foreign inflow despite profit-taking seen week ended,positive,0.9372122287750244,2021-10-23T03:08:27.000000Z,theedgemarkets.com,https://www.theedgemarkets.com/article/upbeat-outlook-bursa-next-week-klci-may-retest-1600-key-level
remained mixed midday Monday key index rising idst cautious trading benchmark added Friday's close,negative,-0.9507318735122681,2021-10-25T05:06:29.000000Z,theedgemarkets.com,https://www.theedgemarkets.com/article/bursa-remains-mixed-midday
Based corporate announcements news flow Monday companies focus Tuesday include: Serba Dinik Yinson Petronas Gas Saiden Group TDM Straits Energy Resources,negative,-0.8029897212982178,2021-10-25T15:50:55.000000Z,theedgemarkets.com,https://www.theedgemarkets.com/article/serba-dinamik-yinson-petgas-affin-bank-cepatwawasan-genetec-supermax-telekom-malaysia
remained lower midday Tuesday lack catalysts benchmark shed Monday's close,negative,-0.9973878264427185,2021-10-26T05:15:19.000000Z,theedgemarkets.com,https://www.theedgemarkets.com/article/bursa-remains-lower-midday-0
key index opened slightly higher Wednesday mild buying interests selected heavyweights benchmark gained Tuesday's close,negative,-0.8845462203025818,2021-10-27T01:55:58.000000Z,theedgemarkets.com,https://www.theedgemarkets.com/article/fbm-klci-opens-slightly-higher
ended lower Wednesday lack fresh catalysts benchmark fell Tuesday's close,negative,-0.9994687438011169,2021-10-27T09:49:41.000000Z,theedgemarkets.com,https://www.theedgemarkets.com/article/bursa-ends-lower-lack-fresh-catalysts
ended lower Thursday lacklustre trading ahead tabling Budget Friday benchmark fell intraday low Wednesday's close,negative,-0.9996275901794434,2021-10-28T09:33:27.000000Z,theedgemarkets.com,https://www.theedgemarkets.com/article/bursa-malaysia-ends-lower
ended lower Friday key index falling id market consolidation mode lack buying interest investors digest announcements Budget tabled Friday,negative,-0.9991724491119385,2021-10-29T09:49:47.000000Z,theedgemarkets.com,https://www.theedgemarkets.com/article/bursa-malaysia-ends-lower-oct-29-2021-ci-down-029
"n Finance Minister Tengku Zafrul Aziz announced measures raise government revenue including one-off ""windfall"" tax companies",positive,0.9783297181129456,2021-11-01T07:31:54.000000Z,cnbc.com,https://www.cnbc.com/2021/11/01/malaysia-stocks-fall-as-government-announces-windfall-tax-on-companies.html
ended sharply lower selling pressure seen board investors reacted negatively one-off prosperity tax tabled Budget dealers said,negative,-0.9987965822219849,2021-11-01T09:41:08.000000Z,theedgemarkets.com,https://www.theedgemarkets.com/article/fbm-klci-closes-down-3139-points-153092
ended positive note Tuesday bargain hunting investors picked beaten-down counters Monday's sharp fall dealers said benchmark rose Monday's close,positive,0.9853301048278809,2021-11-02T09:33:27.000000Z,theedgemarkets.com,https://www.theedgemarkets.com/article/fbm-klci-closes-671-points-153763
ended morning trading session lower dragged selling selected heavyweight stocks benchmark fell Tuesday's close,negative,-0.9994925260543823,2021-11-03T05:03:51.000000Z,theedgemarkets.com,https://www.theedgemarkets.com/article/bursa-malaysia-ends-morning-session-lower-17
ended lower Wednesday investors offloaded selected heavyweight stocks led Glove Corporation Maxis dealers said benchmark fell Tuesday's close,negative,-0.9991965889930725,2021-11-03T09:23:28.000000Z,theedgemarkets.com,https://www.theedgemarkets.com/article/bursa-malaysia-ends-lower-selling-heavyweights
ended Friday's morning trading session negative territory dragged selling selected heavyweight stocks led plantation sector benchmark fell Wednesday's close,negative,-0.9996497631072998,2021-11-05T04:48:39.000000Z,theedgemarkets.com,https://www.theedgemarkets.com/article/bursa-malaysia-ends-morning-session-negative-territory
ended week mixed note Friday barometer index lifted marginally higher late bargain hunting selected heavyweights led telecommunications media sector dealers said,negative,-0.9837237596511841,2021-11-05T10:00:03.000000Z,theedgemarkets.com,https://www.theedgemarkets.com/article/klci-closes-04-point-153173
expected trade cautious mode upside bias week benchmark index hovering - range dealer said,negative,-0.9937951564788818,2021-11-06T03:13:19.000000Z,theedgemarkets.com,https://www.theedgemarkets.com/article/bursa-malaysia-expected-trade-cautious-mode-upside-bias-next-week
ended mixed Monday barometer index closing higher consistent buying support consumer products services plantation counters halted downtrend dealers said,negative,-0.9926795959472656,2021-11-08T09:31:48.000000Z,theedgemarkets.com,https://www.theedgemarkets.com/article/bursa-malaysia-closes-mixed
BUDGET respects tried impress prihatin needs concerns rakyat addressed,positive,0.6488785743713379,2021-11-09T00:37:02.000000Z,thesundaily.my,https://www.thesundaily.my/home/welfare-and-progressive-economics-BX8541614
ended lower Tuesday driven continued profit-taking industrial products services plantation counters id mixed timents regional markets dealers said,negative,-0.9893769025802612,2021-11-09T09:48:21.000000Z,theedgemarkets.com,https://www.theedgemarkets.com/article/fbm-klci-closes-down-1138-points-152403
closed lower Monday profit-taking activities mainly banking ging heavyweights contracted moving trading session,negative,-0.9852874279022217,2021-11-15T09:29:43.000000Z,theedgemarkets.com,https://www.theedgemarkets.com/article/bursa-malaysia-closes-lower-profittaking-0
ended day marginally higher bargain hunting selected heavyweights led Nestle,negative,-0.9747768640518188,2021-11-16T09:34:02.000000Z,theedgemarkets.com,https://www.theedgemarkets.com/article/bursa-malaysia-ends-marginally-higher
closed intra-day high Wednesday erasing losses last-minute buying heavyweights mainly Glove Corp Kuala Lumpur Kepong Petronas Dagangan,negative,-0.9911160469055176,2021-11-17T09:41:46.000000Z,theedgemarkets.com,https://www.theedgemarkets.com/article/fbm-klci-ends-224-points-lastminute-buying
finished trading easier note Thursday dragged losses glove banking ging counters sync key regional bourses,negative,-0.9921168684959412,2021-11-18T09:28:31.000000Z,theedgemarkets.com,https://www.theedgemarkets.com/article/bursa-malaysia-takes-dip-line-regional-bourses
ended week higher bargain-hunting selected heavyweights mainly telecommunications media counters Axiata Group DigiCom Maxis,negative,-0.9920886754989624,2021-11-19T09:34:07.000000Z,theedgemarkets.com,https://www.theedgemarkets.com/article/bursa-malaysia-closes-higher-bargainhunting-telecom-counters
ended Monday's morning session mixed barometer index slightly higher id buying interest selected heavyweights lunch break benchmark rose,negative,-0.9771096110343933,2021-11-22T05:12:09.000000Z,theedgemarkets.com,https://www.theedgemarkets.com/article/bursa-malaysia-ends-morning-session-mixed-klci-014
ended mixed Monday benchmark index barely moving lack catalysts said analyst benchmark inched finish,negative,-0.9967310428619385,2021-11-22T09:50:21.000000Z,theedgemarkets.com,https://www.theedgemarkets.com/article/bursa-malaysia-ends-flat-lack-catalysts
ended lower Tuesday lack buying interest key index declining,negative,-0.9993072748184204,2021-11-23T09:43:22.000000Z,theedgemarkets.com,https://www.theedgemarkets.com/article/bursa-malaysia-ends-lower-fbm-klci-declines-026
ended morning session flat benchmark index edging lunch break benchmark added of-a-,negative,-0.9994352459907532,2021-11-24T04:48:35.000000Z,theedgemarkets.com,https://www.theedgemarkets.com/article/bursa-malaysia-ends-morning-session-flat-0
ended flat Wednesday abce fresh catalysts said analyst,negative,-0.9996687173843384,2021-11-24T09:39:58.000000Z,theedgemarkets.com,https://www.theedgemarkets.com/article/bursa-malaysia-ends-almost-flat
ended lower Thursday benchmark index mark id weak timent benchmark declined finish Wednesday,negative,-0.9993107318878174,2021-11-25T09:19:07.000000Z,theedgemarkets.com,https://www.theedgemarkets.com/article/bursa-malaysia-ends-lower-amid-weak-sentiment
continued trend lower early trade Friday id ongoing reporting season fresh catalysts boost market timent benchmark eased Thursday's close index opened of-a- higher Losers led gainers counters unchanged untraded suspended Total volume stood units worth,negative,-0.8277115225791931,2021-11-26T01:47:33.000000Z,theedgemarkets.com,https://www.theedgemarkets.com/article/bursa-malaysia-lower-opening
Selling pressures led end morning session broadly lower benchmark index,negative,-0.9997157454490662,2021-11-26T05:04:19.000000Z,theedgemarkets.com,https://www.theedgemarkets.com/article/fbm-klci-ends-morning-session-042-lower
ended broadly lower Friday line regional markets id weak timent following emergence new Covid- variant South Africa surge new infections,negative,-0.9993195533752441,2021-11-26T10:08:13.000000Z,theedgemarkets.com,https://www.theedgemarkets.com/article/bursa-malaysia-ends-lower-0
closed lower Monday market remained pressure day lack buying interest dpened spillover effects regional selldown said analyst,negative,-0.9975219368934631,2021-11-29T09:27:39.000000Z,theedgemarkets.com,https://www.theedgemarkets.com/article/bursa-malaysia-ends-lower-lack-buying-interest
Based corporate announcements news flow Monday companies focus Tuesday include: Sime Darby Bank IslTiong NLogistics KPower Glomac ATA IMS,negative,-0.6628509163856506,2021-11-29T17:02:54.000000Z,theedgemarkets.com,https://www.theedgemarkets.com/article/sime-darby-bimb-hlfg-hlcap-hlbank-pbbank-crest-builder-ijm-mbsb-myeg-velesto-umw-ihh
stayed higher midday Tuesday buying interest intensified sectors led industrial products services counters said analyst,negative,-0.9819858074188232,2021-11-30T04:58:42.000000Z,theedgemarkets.com,https://www.theedgemarkets.com/article/bursa-malaysia-stays-higher-midday-strong-buying-interest
succumbed heavy selling pressure Wednesday benchmark index falling psychological level id fears Omicron variant possibly halt global economic recovery said analyst,negative,-0.9989435076713562,2021-12-01T09:52:52.000000Z,theedgemarkets.com,https://www.theedgemarkets.com/article/bursa-malaysia-succumbs-selling-pressure-klci-down-113
FBM ended week higher note bargain hunting late trading session ahead long weekend said analysts benchmark rose end whisker key level compared Wednesday closing,negative,-0.850727915763855,2021-12-02T09:59:42.000000Z,theedgemarkets.com,https://www.theedgemarkets.com/article/bursa-malaysia-ends-intraday-high-bargain-hunting-0
Westports Bursa,positive,0.9882591962814331,2021-12-02T15:04:19.000000Z,thesundaily.my,https://www.thesundaily.my/home/westports-to-replace-hap-seng-consolidated-in-fbm-klci-GM8619954
likely trade better bargain-hunting activities stage week given cheap valuations local equity market,negative,-0.9983602166175842,2021-12-04T02:09:24.000000Z,theedgemarkets.com,https://www.theedgemarkets.com/article/bursa-malaysia-likely-improve-bargainhunting-next-week
fell midday dragged mainly sell-off healthcare-related technology counters,negative,-0.9997090697288513,2021-12-06T05:17:39.000000Z,theedgemarkets.com,https://www.theedgemarkets.com/article/healthcare-technology-stocks-drag-bursa-lower-midday
Selling intensified sectors face new Covid- variant weaker global bourses,negative,-0.9941895008087158,2021-12-06T08:18:23.000000Z,theedgemarkets.com,https://www.theedgemarkets.com/article/bursa-malaysia-losses-intensify-midafternoon
Fears Omicron possible impact global economic recovery dragged key market barometer lowest months Monday benchmark fell compared Thursday close,negative,-0.9995025396347046,2021-12-06T09:32:23.000000Z,theedgemarkets.com,https://www.theedgemarkets.com/article/bursa-malaysia-hits-13month-low-amid-fears-omicron-threat
Window-dressing activities investors’ risk-on mode continued drive higher lunch break Tuesday benchmark gained Monday close,negative,-0.9749581217765808,2021-12-07T04:59:36.000000Z,theedgemarkets.com,https://www.theedgemarkets.com/article/bursa-malaysia-stays-higher-investors-shrug-omicron-risks
economy expected grow year expand id recovery economic,positive,0.9932618737220764,2021-12-07T07:27:10.000000Z,thesundaily.my,https://www.thesundaily.my/local/m-sia-gdp-to-grow-37-in-2021-60-in-2022-midf-research-BE8633201
turned positive Tuesday broad recovery rally thanks window-dressing activities risk-on mode,positive,0.9958165287971497,2021-12-07T09:22:57.000000Z,theedgemarkets.com,https://www.theedgemarkets.com/article/bursa-malaysia-1-windowdressing-activities
Based corporate announcements news flow Tuesday companies focus Wednesday include: Yinson Atlan Cypark Resources CIMB Group Ireka Corporation TAFI Industries Daibochi Axiata Group Inari Amertron ATA IMS,negative,-0.8323546051979065,2021-12-07T15:11:19.000000Z,theedgemarkets.com,https://www.theedgemarkets.com/article/yinson-atlan-cypark-cimb-ireka-tafi-daibochi-axiata-inari-amertron-and-ata-ims
extended gains rebound barometer index opening level,positive,0.9068771004676819,2021-12-08T02:17:25.000000Z,theedgemarkets.com,https://www.theedgemarkets.com/article/bursa-malaysia-extends-gains
Based corporate announcements news flow Thursday companies focus Friday include: MYEG Services Astro Serba Dinik UEM Edgenta Swift Haulage CB Industrial Product Konsortium Transnasional,negative,-0.8000528216362,2021-12-09T16:04:36.000000Z,theedgemarkets.com,https://www.theedgemarkets.com/article/myeg-astro-serba-dinamik-uem-edgenta-swift-haulage-cb-industrial-product-and-konsortium
